--------------------------------------------------------
--  文件已创建 - 星期二-二月-18-2020   
--------------------------------------------------------
--------------------------------------------------------
--  DDL for Table T_CARD
--------------------------------------------------------

  CREATE TABLE "CHENYU"."T_CARD" 
   (	"ID" NUMBER, 
	"CARD_NUM" VARCHAR2(50 BYTE), 
	"CARD_PWD" VARCHAR2(50 BYTE), 
	"CARD_AMOUNT" VARCHAR2(20 BYTE), 
	"PROV_ID" NUMBER, 
	"START_TIME" DATE, 
	"END_TIME" DATE, 
	"CARD_STATUS" NUMBER, 
	"CREATE_TIME" DATE
   ) SEGMENT CREATION IMMEDIATE 
  PCTFREE 10 PCTUSED 40 INITRANS 1 MAXTRANS 255 NOCOMPRESS LOGGING
  STORAGE(INITIAL 65536 NEXT 1048576 MINEXTENTS 1 MAXEXTENTS 2147483645
  PCTINCREASE 0 FREELISTS 1 FREELIST GROUPS 1 BUFFER_POOL DEFAULT FLASH_CACHE DEFAULT CELL_FLASH_CACHE DEFAULT)
  TABLESPACE "USERS" ;
--------------------------------------------------------
--  DDL for Table T_EXCHANGE
--------------------------------------------------------

  CREATE TABLE "CHENYU"."T_EXCHANGE" 
   (	"ID" NUMBER, 
	"PROV_ID" NUMBER, 
	"CHARGE" NUMBER, 
	"CREATE_TIME" DATE, 
	"UPDATE_TIME" DATE, 
	"EXCHANGE_STATUS" NUMBER
   ) SEGMENT CREATION IMMEDIATE 
  PCTFREE 10 PCTUSED 40 INITRANS 1 MAXTRANS 255 NOCOMPRESS LOGGING
  STORAGE(INITIAL 65536 NEXT 1048576 MINEXTENTS 1 MAXEXTENTS 2147483645
  PCTINCREASE 0 FREELISTS 1 FREELIST GROUPS 1 BUFFER_POOL DEFAULT FLASH_CACHE DEFAULT CELL_FLASH_CACHE DEFAULT)
  TABLESPACE "USERS" ;
--------------------------------------------------------
--  DDL for Table T_EXPENSE
--------------------------------------------------------

  CREATE TABLE "CHENYU"."T_EXPENSE" 
   (	"ID" NUMBER, 
	"USER_ID" NUMBER, 
	"GAME_ID" NUMBER, 
	"MONETARY" NUMBER, 
	"OPRATIONS" NUMBER, 
	"CREATE_TIME" DATE, 
	"DOWNLOADS" NUMBER
   ) SEGMENT CREATION IMMEDIATE 
  PCTFREE 10 PCTUSED 40 INITRANS 1 MAXTRANS 255 NOCOMPRESS LOGGING
  STORAGE(INITIAL 65536 NEXT 1048576 MINEXTENTS 1 MAXEXTENTS 2147483645
  PCTINCREASE 0 FREELISTS 1 FREELIST GROUPS 1 BUFFER_POOL DEFAULT FLASH_CACHE DEFAULT CELL_FLASH_CACHE DEFAULT)
  TABLESPACE "USERS" ;
--------------------------------------------------------
--  DDL for Table T_GAME
--------------------------------------------------------

  CREATE TABLE "CHENYU"."T_GAME" 
   (	"ID" NUMBER, 
	"GAME_NAME" VARCHAR2(50 BYTE), 
	"GAME_TYPE" NUMBER, 
	"GAME_STATUS" NUMBER, 
	"GAME_COVER" VARCHAR2(50 BYTE), 
	"GAME_SCREEN1" VARCHAR2(50 BYTE), 
	"GAME_SCREEN2" VARCHAR2(50 BYTE), 
	"GAME_SCREEN3" VARCHAR2(50 BYTE), 
	"GAME_CURRENCY" NUMBER, 
	"GAME_TARIFFE" NUMBER, 
	"GAME_DEVELOPERS" VARCHAR2(50 BYTE), 
	"GAME_FILING" VARCHAR2(50 BYTE), 
	"GAME_DETAIL" VARCHAR2(100 BYTE), 
	"GAME_INTRODUCTION" VARCHAR2(100 BYTE), 
	"CREATE_TIME" DATE, 
	"UPDATE_TIME" DATE
   ) SEGMENT CREATION IMMEDIATE 
  PCTFREE 10 PCTUSED 40 INITRANS 1 MAXTRANS 255 NOCOMPRESS LOGGING
  STORAGE(INITIAL 65536 NEXT 1048576 MINEXTENTS 1 MAXEXTENTS 2147483645
  PCTINCREASE 0 FREELISTS 1 FREELIST GROUPS 1 BUFFER_POOL DEFAULT FLASH_CACHE DEFAULT CELL_FLASH_CACHE DEFAULT)
  TABLESPACE "USERS" ;
--------------------------------------------------------
--  DDL for Table T_GAME_TYPE
--------------------------------------------------------

  CREATE TABLE "CHENYU"."T_GAME_TYPE" 
   (	"ID" NUMBER, 
	"TYPE_NAME" VARCHAR2(50 BYTE), 
	"TYPE_STATUS" NUMBER, 
	"TYPE_PICTURE" VARCHAR2(100 BYTE), 
	"TYPE_CREATE_TIME" DATE, 
	"TYPE_UPDATE_TIME" DATE
   ) SEGMENT CREATION IMMEDIATE 
  PCTFREE 10 PCTUSED 40 INITRANS 1 MAXTRANS 255 NOCOMPRESS LOGGING
  STORAGE(INITIAL 65536 NEXT 1048576 MINEXTENTS 1 MAXEXTENTS 2147483645
  PCTINCREASE 0 FREELISTS 1 FREELIST GROUPS 1 BUFFER_POOL DEFAULT FLASH_CACHE DEFAULT CELL_FLASH_CACHE DEFAULT)
  TABLESPACE "USERS" ;
--------------------------------------------------------
--  DDL for Table T_MANAGER
--------------------------------------------------------

  CREATE TABLE "CHENYU"."T_MANAGER" 
   (	"ID" NUMBER, 
	"M_USERNAME" VARCHAR2(20 BYTE), 
	"M_PASSWORD" VARCHAR2(20 BYTE)
   ) SEGMENT CREATION IMMEDIATE 
  PCTFREE 10 PCTUSED 40 INITRANS 1 MAXTRANS 255 NOCOMPRESS LOGGING
  STORAGE(INITIAL 65536 NEXT 1048576 MINEXTENTS 1 MAXEXTENTS 2147483645
  PCTINCREASE 0 FREELISTS 1 FREELIST GROUPS 1 BUFFER_POOL DEFAULT FLASH_CACHE DEFAULT CELL_FLASH_CACHE DEFAULT)
  TABLESPACE "USERS" ;
--------------------------------------------------------
--  DDL for Table T_PREPAID
--------------------------------------------------------

  CREATE TABLE "CHENYU"."T_PREPAID" 
   (	"ID" NUMBER, 
	"USER_ID" NUMBER, 
	"CARD_ID" NUMBER, 
	"CREATE_TIME" DATE
   ) SEGMENT CREATION IMMEDIATE 
  PCTFREE 10 PCTUSED 40 INITRANS 1 MAXTRANS 255 NOCOMPRESS LOGGING
  STORAGE(INITIAL 65536 NEXT 1048576 MINEXTENTS 1 MAXEXTENTS 2147483645
  PCTINCREASE 0 FREELISTS 1 FREELIST GROUPS 1 BUFFER_POOL DEFAULT FLASH_CACHE DEFAULT CELL_FLASH_CACHE DEFAULT)
  TABLESPACE "USERS" ;
--------------------------------------------------------
--  DDL for Table T_PROVINCE
--------------------------------------------------------

  CREATE TABLE "CHENYU"."T_PROVINCE" 
   (	"ID" NUMBER, 
	"PROVINCE_NAME" VARCHAR2(100 BYTE)
   ) SEGMENT CREATION IMMEDIATE 
  PCTFREE 10 PCTUSED 40 INITRANS 1 MAXTRANS 255 NOCOMPRESS LOGGING
  STORAGE(INITIAL 65536 NEXT 1048576 MINEXTENTS 1 MAXEXTENTS 2147483645
  PCTINCREASE 0 FREELISTS 1 FREELIST GROUPS 1 BUFFER_POOL DEFAULT FLASH_CACHE DEFAULT CELL_FLASH_CACHE DEFAULT)
  TABLESPACE "USERS" ;
--------------------------------------------------------
--  DDL for Table T_USER
--------------------------------------------------------

  CREATE TABLE "CHENYU"."T_USER" 
   (	"USER_ID" NUMBER, 
	"USERNAME" VARCHAR2(20 BYTE), 
	"PASSWORD" VARCHAR2(20 BYTE), 
	"IPHONE" VARCHAR2(20 BYTE), 
	"PROV_ID" NUMBER, 
	"TARIFFE" NUMBER, 
	"CURRENCY" NUMBER, 
	"CARDAMOUNT" NUMBER, 
	"STATUS" NUMBER, 
	"CREATE_TIME" DATE, 
	"SEX" NUMBER
   ) SEGMENT CREATION IMMEDIATE 
  PCTFREE 10 PCTUSED 40 INITRANS 1 MAXTRANS 255 NOCOMPRESS LOGGING
  STORAGE(INITIAL 65536 NEXT 1048576 MINEXTENTS 1 MAXEXTENTS 2147483645
  PCTINCREASE 0 FREELISTS 1 FREELIST GROUPS 1 BUFFER_POOL DEFAULT FLASH_CACHE DEFAULT CELL_FLASH_CACHE DEFAULT)
  TABLESPACE "USERS" ;
REM INSERTING into CHENYU.T_CARD
SET DEFINE OFF;
Insert into CHENYU.T_CARD (ID,CARD_NUM,CARD_PWD,CARD_AMOUNT,PROV_ID,START_TIME,END_TIME,CARD_STATUS,CREATE_TIME) values (1,'qwerty123as','123456','100',11,to_date('14-2月 -20','DD-MON-RR'),to_date('15-2月 -20','DD-MON-RR'),2,to_date('14-2月 -20','DD-MON-RR'));
Insert into CHENYU.T_CARD (ID,CARD_NUM,CARD_PWD,CARD_AMOUNT,PROV_ID,START_TIME,END_TIME,CARD_STATUS,CREATE_TIME) values (2,'WJSHdhsn1452','zxcvbn','100',12,to_date('14-2月 -20','DD-MON-RR'),to_date('22-2月 -20','DD-MON-RR'),1,to_date('14-2月 -20','DD-MON-RR'));
Insert into CHENYU.T_CARD (ID,CARD_NUM,CARD_PWD,CARD_AMOUNT,PROV_ID,START_TIME,END_TIME,CARD_STATUS,CREATE_TIME) values (3,'s2FSCDXWRS12','asd112','100',13,to_date('13-2月 -20','DD-MON-RR'),to_date('17-2月 -20','DD-MON-RR'),2,to_date('14-2月 -20','DD-MON-RR'));
Insert into CHENYU.T_CARD (ID,CARD_NUM,CARD_PWD,CARD_AMOUNT,PROV_ID,START_TIME,END_TIME,CARD_STATUS,CREATE_TIME) values (4,'QEDSZXCF1Dsw','qwe789','100',14,to_date('26-2月 -20','DD-MON-RR'),to_date('29-2月 -20','DD-MON-RR'),3,to_date('14-2月 -20','DD-MON-RR'));
Insert into CHENYU.T_CARD (ID,CARD_NUM,CARD_PWD,CARD_AMOUNT,PROV_ID,START_TIME,END_TIME,CARD_STATUS,CREATE_TIME) values (5,'WEDAEDXAZSA1','zxc456','100',15,to_date('15-2月 -20','DD-MON-RR'),to_date('29-2月 -20','DD-MON-RR'),3,to_date('14-2月 -20','DD-MON-RR'));
Insert into CHENYU.T_CARD (ID,CARD_NUM,CARD_PWD,CARD_AMOUNT,PROV_ID,START_TIME,END_TIME,CARD_STATUS,CREATE_TIME) values (21,'t0BRvP6OQU4E','pUCmyu','99',81,to_date('16-2月 -20','DD-MON-RR'),to_date('17-2月 -20','DD-MON-RR'),3,to_date('15-2月 -20','DD-MON-RR'));
Insert into CHENYU.T_CARD (ID,CARD_NUM,CARD_PWD,CARD_AMOUNT,PROV_ID,START_TIME,END_TIME,CARD_STATUS,CREATE_TIME) values (22,'IWsbajPnhuqI','y9Veh3','99',82,to_date('16-2月 -20','DD-MON-RR'),to_date('17-2月 -20','DD-MON-RR'),3,to_date('15-2月 -20','DD-MON-RR'));
Insert into CHENYU.T_CARD (ID,CARD_NUM,CARD_PWD,CARD_AMOUNT,PROV_ID,START_TIME,END_TIME,CARD_STATUS,CREATE_TIME) values (24,'YTdyu9ddO2YR','Gvu5pd','77',71,to_date('15-2月 -20','DD-MON-RR'),to_date('15-2月 -20','DD-MON-RR'),2,to_date('15-2月 -20','DD-MON-RR'));
Insert into CHENYU.T_CARD (ID,CARD_NUM,CARD_PWD,CARD_AMOUNT,PROV_ID,START_TIME,END_TIME,CARD_STATUS,CREATE_TIME) values (6,'Kn4xPbWjsP0L','KN0zKu','100',11,to_date('15-2月 -20','DD-MON-RR'),to_date('17-2月 -20','DD-MON-RR'),4,to_date('15-2月 -20','DD-MON-RR'));
Insert into CHENYU.T_CARD (ID,CARD_NUM,CARD_PWD,CARD_AMOUNT,PROV_ID,START_TIME,END_TIME,CARD_STATUS,CREATE_TIME) values (7,'XQ0mwklK16v6','demdYw','100',11,to_date('15-2月 -20','DD-MON-RR'),to_date('17-2月 -20','DD-MON-RR'),4,to_date('15-2月 -20','DD-MON-RR'));
Insert into CHENYU.T_CARD (ID,CARD_NUM,CARD_PWD,CARD_AMOUNT,PROV_ID,START_TIME,END_TIME,CARD_STATUS,CREATE_TIME) values (8,'DICp7i15iu0A','HrdDhs','100',11,to_date('15-2月 -20','DD-MON-RR'),to_date('18-2月 -20','DD-MON-RR'),1,to_date('15-2月 -20','DD-MON-RR'));
Insert into CHENYU.T_CARD (ID,CARD_NUM,CARD_PWD,CARD_AMOUNT,PROV_ID,START_TIME,END_TIME,CARD_STATUS,CREATE_TIME) values (9,'W4VBLHVTWKeI','DCiyPJ','100',11,to_date('15-2月 -20','DD-MON-RR'),to_date('18-2月 -20','DD-MON-RR'),1,to_date('15-2月 -20','DD-MON-RR'));
Insert into CHENYU.T_CARD (ID,CARD_NUM,CARD_PWD,CARD_AMOUNT,PROV_ID,START_TIME,END_TIME,CARD_STATUS,CREATE_TIME) values (10,'d3eqeHI3pM8Y','KYi7H8','100',11,to_date('15-2月 -20','DD-MON-RR'),to_date('18-2月 -20','DD-MON-RR'),1,to_date('15-2月 -20','DD-MON-RR'));
Insert into CHENYU.T_CARD (ID,CARD_NUM,CARD_PWD,CARD_AMOUNT,PROV_ID,START_TIME,END_TIME,CARD_STATUS,CREATE_TIME) values (11,'BK1mEQ4nbgQn','NsfTCL','100',12,to_date('15-2月 -20','DD-MON-RR'),to_date('16-2月 -20','DD-MON-RR'),1,to_date('15-2月 -20','DD-MON-RR'));
Insert into CHENYU.T_CARD (ID,CARD_NUM,CARD_PWD,CARD_AMOUNT,PROV_ID,START_TIME,END_TIME,CARD_STATUS,CREATE_TIME) values (12,'2lDSTsDRWU7f','tlkjv0','100',12,to_date('15-2月 -20','DD-MON-RR'),to_date('16-2月 -20','DD-MON-RR'),1,to_date('15-2月 -20','DD-MON-RR'));
Insert into CHENYU.T_CARD (ID,CARD_NUM,CARD_PWD,CARD_AMOUNT,PROV_ID,START_TIME,END_TIME,CARD_STATUS,CREATE_TIME) values (13,'b2JjtSyqLAxI','lUxVzd','100',12,to_date('15-2月 -20','DD-MON-RR'),to_date('16-2月 -20','DD-MON-RR'),1,to_date('15-2月 -20','DD-MON-RR'));
Insert into CHENYU.T_CARD (ID,CARD_NUM,CARD_PWD,CARD_AMOUNT,PROV_ID,START_TIME,END_TIME,CARD_STATUS,CREATE_TIME) values (14,'JkpBLAOJfNi1','bwURdp','100',12,to_date('15-2月 -20','DD-MON-RR'),to_date('16-2月 -20','DD-MON-RR'),1,to_date('15-2月 -20','DD-MON-RR'));
Insert into CHENYU.T_CARD (ID,CARD_NUM,CARD_PWD,CARD_AMOUNT,PROV_ID,START_TIME,END_TIME,CARD_STATUS,CREATE_TIME) values (15,'9mtUfFuKOTNS','aC6LUI','100',12,to_date('15-2月 -20','DD-MON-RR'),to_date('16-2月 -20','DD-MON-RR'),1,to_date('15-2月 -20','DD-MON-RR'));
Insert into CHENYU.T_CARD (ID,CARD_NUM,CARD_PWD,CARD_AMOUNT,PROV_ID,START_TIME,END_TIME,CARD_STATUS,CREATE_TIME) values (16,'0ELNUy1FGNka','ad3TD7','100',13,to_date('15-2月 -20','DD-MON-RR'),to_date('16-2月 -20','DD-MON-RR'),1,to_date('15-2月 -20','DD-MON-RR'));
Insert into CHENYU.T_CARD (ID,CARD_NUM,CARD_PWD,CARD_AMOUNT,PROV_ID,START_TIME,END_TIME,CARD_STATUS,CREATE_TIME) values (17,'6BTxW0OMFg9D','6p2D5R','100',13,to_date('15-2月 -20','DD-MON-RR'),to_date('16-2月 -20','DD-MON-RR'),1,to_date('15-2月 -20','DD-MON-RR'));
Insert into CHENYU.T_CARD (ID,CARD_NUM,CARD_PWD,CARD_AMOUNT,PROV_ID,START_TIME,END_TIME,CARD_STATUS,CREATE_TIME) values (18,'r9bShfGJbhfu','pmvPhe','100',13,to_date('15-2月 -20','DD-MON-RR'),to_date('16-2月 -20','DD-MON-RR'),1,to_date('15-2月 -20','DD-MON-RR'));
Insert into CHENYU.T_CARD (ID,CARD_NUM,CARD_PWD,CARD_AMOUNT,PROV_ID,START_TIME,END_TIME,CARD_STATUS,CREATE_TIME) values (19,'x8VewqwzCDqN','LH47fc','100',13,to_date('15-2月 -20','DD-MON-RR'),to_date('16-2月 -20','DD-MON-RR'),1,to_date('15-2月 -20','DD-MON-RR'));
Insert into CHENYU.T_CARD (ID,CARD_NUM,CARD_PWD,CARD_AMOUNT,PROV_ID,START_TIME,END_TIME,CARD_STATUS,CREATE_TIME) values (20,'FxRxIg11YWqj','tWFrn3','100',13,to_date('15-2月 -20','DD-MON-RR'),to_date('16-2月 -20','DD-MON-RR'),1,to_date('15-2月 -20','DD-MON-RR'));
REM INSERTING into CHENYU.T_EXCHANGE
SET DEFINE OFF;
Insert into CHENYU.T_EXCHANGE (ID,PROV_ID,CHARGE,CREATE_TIME,UPDATE_TIME,EXCHANGE_STATUS) values (1,11,100,to_date('13-2月 -20','DD-MON-RR'),to_date('13-2月 -20','DD-MON-RR'),2);
Insert into CHENYU.T_EXCHANGE (ID,PROV_ID,CHARGE,CREATE_TIME,UPDATE_TIME,EXCHANGE_STATUS) values (2,12,10,to_date('13-2月 -20','DD-MON-RR'),to_date('13-2月 -20','DD-MON-RR'),2);
Insert into CHENYU.T_EXCHANGE (ID,PROV_ID,CHARGE,CREATE_TIME,UPDATE_TIME,EXCHANGE_STATUS) values (3,13,100,to_date('13-2月 -20','DD-MON-RR'),to_date('13-2月 -20','DD-MON-RR'),1);
Insert into CHENYU.T_EXCHANGE (ID,PROV_ID,CHARGE,CREATE_TIME,UPDATE_TIME,EXCHANGE_STATUS) values (4,14,100,to_date('13-2月 -20','DD-MON-RR'),to_date('13-2月 -20','DD-MON-RR'),1);
Insert into CHENYU.T_EXCHANGE (ID,PROV_ID,CHARGE,CREATE_TIME,UPDATE_TIME,EXCHANGE_STATUS) values (5,15,100,to_date('13-2月 -20','DD-MON-RR'),to_date('13-2月 -20','DD-MON-RR'),1);
REM INSERTING into CHENYU.T_EXPENSE
SET DEFINE OFF;
Insert into CHENYU.T_EXPENSE (ID,USER_ID,GAME_ID,MONETARY,OPRATIONS,CREATE_TIME,DOWNLOADS) values (1,1,1,10,1,to_date('17-2月 -20','DD-MON-RR'),0);
Insert into CHENYU.T_EXPENSE (ID,USER_ID,GAME_ID,MONETARY,OPRATIONS,CREATE_TIME,DOWNLOADS) values (21,1,4,5,1,to_date('17-2月 -20','DD-MON-RR'),0);
REM INSERTING into CHENYU.T_GAME
SET DEFINE OFF;
Insert into CHENYU.T_GAME (ID,GAME_NAME,GAME_TYPE,GAME_STATUS,GAME_COVER,GAME_SCREEN1,GAME_SCREEN2,GAME_SCREEN3,GAME_CURRENCY,GAME_TARIFFE,GAME_DEVELOPERS,GAME_FILING,GAME_DETAIL,GAME_INTRODUCTION,CREATE_TIME,UPDATE_TIME) values (1,'欢乐斗地主',5,2,'11475904797130.jpg','11.jpg','12.jpg','13.jpg',50,10,'腾讯','14521245','三人棋牌游戏','三人棋牌游戏',to_date('12-2月 -20','DD-MON-RR'),to_date('18-2月 -20','DD-MON-RR'));
Insert into CHENYU.T_GAME (ID,GAME_NAME,GAME_TYPE,GAME_STATUS,GAME_COVER,GAME_SCREEN1,GAME_SCREEN2,GAME_SCREEN3,GAME_CURRENCY,GAME_TARIFFE,GAME_DEVELOPERS,GAME_FILING,GAME_DETAIL,GAME_INTRODUCTION,CREATE_TIME,UPDATE_TIME) values (2,'中国象棋',2,2,'1464839498389.jpg','25.jpg','26.jpg','27.jpg',40,8,'网易','5213554','下象棋','下象棋',to_date('12-2月 -20','DD-MON-RR'),to_date('18-2月 -20','DD-MON-RR'));
Insert into CHENYU.T_GAME (ID,GAME_NAME,GAME_TYPE,GAME_STATUS,GAME_COVER,GAME_SCREEN1,GAME_SCREEN2,GAME_SCREEN3,GAME_CURRENCY,GAME_TARIFFE,GAME_DEVELOPERS,GAME_FILING,GAME_DETAIL,GAME_INTRODUCTION,CREATE_TIME,UPDATE_TIME) values (3,'NBA2K',3,1,'31480313735992.jpg','39.jpg','310.jpg','311.jpg',70,15,'橙光','53639842','篮球','篮球',to_date('12-2月 -20','DD-MON-RR'),to_date('18-2月 -20','DD-MON-RR'));
Insert into CHENYU.T_GAME (ID,GAME_NAME,GAME_TYPE,GAME_STATUS,GAME_COVER,GAME_SCREEN1,GAME_SCREEN2,GAME_SCREEN3,GAME_CURRENCY,GAME_TARIFFE,GAME_DEVELOPERS,GAME_FILING,GAME_DETAIL,GAME_INTRODUCTION,CREATE_TIME,UPDATE_TIME) values (4,'DNF',4,1,'41477057087571.jpg','441.jpg','442.jpg','443.jpg',30,5,'aaa','52202563','打枪','打枪',to_date('12-2月 -20','DD-MON-RR'),to_date('18-2月 -20','DD-MON-RR'));
Insert into CHENYU.T_GAME (ID,GAME_NAME,GAME_TYPE,GAME_STATUS,GAME_COVER,GAME_SCREEN1,GAME_SCREEN2,GAME_SCREEN3,GAME_CURRENCY,GAME_TARIFFE,GAME_DEVELOPERS,GAME_FILING,GAME_DETAIL,GAME_INTRODUCTION,CREATE_TIME,UPDATE_TIME) values (5,'搬砖',5,1,'51464919899197.jpg','513.jpg','514.jpg','515.jpg',100,20,'bbb','255471236','搬砖','搬砖',to_date('12-2月 -20','DD-MON-RR'),to_date('18-2月 -20','DD-MON-RR'));
Insert into CHENYU.T_GAME (ID,GAME_NAME,GAME_TYPE,GAME_STATUS,GAME_COVER,GAME_SCREEN1,GAME_SCREEN2,GAME_SCREEN3,GAME_CURRENCY,GAME_TARIFFE,GAME_DEVELOPERS,GAME_FILING,GAME_DETAIL,GAME_INTRODUCTION,CREATE_TIME,UPDATE_TIME) values (26,'欢乐麻将',1,1,'261464162998294.jpg','2625.jpg','2630.jpg','2631.jpg',50,13,'腾讯','124578965','有多种游戏模式','各个地方的麻将',to_date('18-2月 -20','DD-MON-RR'),to_date('18-2月 -20','DD-MON-RR'));
Insert into CHENYU.T_GAME (ID,GAME_NAME,GAME_TYPE,GAME_STATUS,GAME_COVER,GAME_SCREEN1,GAME_SCREEN2,GAME_SCREEN3,GAME_CURRENCY,GAME_TARIFFE,GAME_DEVELOPERS,GAME_FILING,GAME_DETAIL,GAME_INTRODUCTION,CREATE_TIME,UPDATE_TIME) values (27,'你画我猜',5,1,'271469430485863.jpg','2718.jpg','271.jpg','276.jpg',30,9,'腾讯','123dasdaf','通过画画','益智游戏',to_date('18-2月 -20','DD-MON-RR'),to_date('18-2月 -20','DD-MON-RR'));
REM INSERTING into CHENYU.T_GAME_TYPE
SET DEFINE OFF;
Insert into CHENYU.T_GAME_TYPE (ID,TYPE_NAME,TYPE_STATUS,TYPE_PICTURE,TYPE_CREATE_TIME,TYPE_UPDATE_TIME) values (51,'%',3,'511430727532556.jpg',to_date('18-2月 -20','DD-MON-RR'),to_date('18-2月 -20','DD-MON-RR'));
Insert into CHENYU.T_GAME_TYPE (ID,TYPE_NAME,TYPE_STATUS,TYPE_PICTURE,TYPE_CREATE_TIME,TYPE_UPDATE_TIME) values (49,'999',3,'index.html',to_date('18-2月 -20','DD-MON-RR'),to_date('18-2月 -20','DD-MON-RR'));
Insert into CHENYU.T_GAME_TYPE (ID,TYPE_NAME,TYPE_STATUS,TYPE_PICTURE,TYPE_CREATE_TIME,TYPE_UPDATE_TIME) values (48,'测试游戏1',1,'481464919899197.jpg',to_date('18-2月 -20','DD-MON-RR'),to_date('18-2月 -20','DD-MON-RR'));
Insert into CHENYU.T_GAME_TYPE (ID,TYPE_NAME,TYPE_STATUS,TYPE_PICTURE,TYPE_CREATE_TIME,TYPE_UPDATE_TIME) values (50,'测试游戏2',1,'50u=967998287,1751411165&fm=23&gp=0.jpg',to_date('18-2月 -20','DD-MON-RR'),to_date('18-2月 -20','DD-MON-RR'));
Insert into CHENYU.T_GAME_TYPE (ID,TYPE_NAME,TYPE_STATUS,TYPE_PICTURE,TYPE_CREATE_TIME,TYPE_UPDATE_TIME) values (1,'棋牌游戏',1,'1430727532556.jpg',to_date('10-2月 -20','DD-MON-RR'),to_date('10-2月 -20','DD-MON-RR'));
Insert into CHENYU.T_GAME_TYPE (ID,TYPE_NAME,TYPE_STATUS,TYPE_PICTURE,TYPE_CREATE_TIME,TYPE_UPDATE_TIME) values (2,'动作射击',1,'1464839498389.jpg',to_date('10-2月 -20','DD-MON-RR'),to_date('17-2月 -20','DD-MON-RR'));
Insert into CHENYU.T_GAME_TYPE (ID,TYPE_NAME,TYPE_STATUS,TYPE_PICTURE,TYPE_CREATE_TIME,TYPE_UPDATE_TIME) values (3,'体育竞技',2,'1464842544378.jpg',to_date('10-2月 -20','DD-MON-RR'),to_date('18-2月 -20','DD-MON-RR'));
Insert into CHENYU.T_GAME_TYPE (ID,TYPE_NAME,TYPE_STATUS,TYPE_PICTURE,TYPE_CREATE_TIME,TYPE_UPDATE_TIME) values (4,'角色扮演',1,'1464919899197.jpg',to_date('10-2月 -20','DD-MON-RR'),to_date('10-2月 -20','DD-MON-RR'));
Insert into CHENYU.T_GAME_TYPE (ID,TYPE_NAME,TYPE_STATUS,TYPE_PICTURE,TYPE_CREATE_TIME,TYPE_UPDATE_TIME) values (5,'休闲益智',1,'1469430485863.jpg',to_date('10-2月 -20','DD-MON-RR'),to_date('10-2月 -20','DD-MON-RR'));
REM INSERTING into CHENYU.T_MANAGER
SET DEFINE OFF;
Insert into CHENYU.T_MANAGER (ID,M_USERNAME,M_PASSWORD) values (1,'admin','123456');
REM INSERTING into CHENYU.T_PREPAID
SET DEFINE OFF;
Insert into CHENYU.T_PREPAID (ID,USER_ID,CARD_ID,CREATE_TIME) values (2,1,7,to_date('16-2月 -20','DD-MON-RR'));
Insert into CHENYU.T_PREPAID (ID,USER_ID,CARD_ID,CREATE_TIME) values (1,1,6,to_date('16-2月 -20','DD-MON-RR'));
REM INSERTING into CHENYU.T_PROVINCE
SET DEFINE OFF;
Insert into CHENYU.T_PROVINCE (ID,PROVINCE_NAME) values (11,'北京市');
Insert into CHENYU.T_PROVINCE (ID,PROVINCE_NAME) values (12,'天津市');
Insert into CHENYU.T_PROVINCE (ID,PROVINCE_NAME) values (13,'河北省');
Insert into CHENYU.T_PROVINCE (ID,PROVINCE_NAME) values (14,'山西省');
Insert into CHENYU.T_PROVINCE (ID,PROVINCE_NAME) values (15,'内蒙古自治区');
Insert into CHENYU.T_PROVINCE (ID,PROVINCE_NAME) values (21,'辽宁省');
Insert into CHENYU.T_PROVINCE (ID,PROVINCE_NAME) values (22,'吉林省');
Insert into CHENYU.T_PROVINCE (ID,PROVINCE_NAME) values (23,'黑龙江省');
Insert into CHENYU.T_PROVINCE (ID,PROVINCE_NAME) values (31,'上海市');
Insert into CHENYU.T_PROVINCE (ID,PROVINCE_NAME) values (32,'江苏省');
Insert into CHENYU.T_PROVINCE (ID,PROVINCE_NAME) values (33,'浙江省');
Insert into CHENYU.T_PROVINCE (ID,PROVINCE_NAME) values (34,'安徽省');
Insert into CHENYU.T_PROVINCE (ID,PROVINCE_NAME) values (35,'福建省');
Insert into CHENYU.T_PROVINCE (ID,PROVINCE_NAME) values (36,'江西省');
Insert into CHENYU.T_PROVINCE (ID,PROVINCE_NAME) values (37,'山东省');
Insert into CHENYU.T_PROVINCE (ID,PROVINCE_NAME) values (41,'河南省');
Insert into CHENYU.T_PROVINCE (ID,PROVINCE_NAME) values (42,'湖北省');
Insert into CHENYU.T_PROVINCE (ID,PROVINCE_NAME) values (43,'湖南省');
Insert into CHENYU.T_PROVINCE (ID,PROVINCE_NAME) values (44,'广东省');
Insert into CHENYU.T_PROVINCE (ID,PROVINCE_NAME) values (45,'广西壮族自治区');
Insert into CHENYU.T_PROVINCE (ID,PROVINCE_NAME) values (46,'海南省');
Insert into CHENYU.T_PROVINCE (ID,PROVINCE_NAME) values (50,'重庆市');
Insert into CHENYU.T_PROVINCE (ID,PROVINCE_NAME) values (51,'四川省');
Insert into CHENYU.T_PROVINCE (ID,PROVINCE_NAME) values (52,'贵州省');
Insert into CHENYU.T_PROVINCE (ID,PROVINCE_NAME) values (53,'云南省');
Insert into CHENYU.T_PROVINCE (ID,PROVINCE_NAME) values (54,'西藏自治区');
Insert into CHENYU.T_PROVINCE (ID,PROVINCE_NAME) values (61,'陕西省');
Insert into CHENYU.T_PROVINCE (ID,PROVINCE_NAME) values (62,'甘肃省');
Insert into CHENYU.T_PROVINCE (ID,PROVINCE_NAME) values (63,'青海省');
Insert into CHENYU.T_PROVINCE (ID,PROVINCE_NAME) values (64,'宁夏回族自治区');
Insert into CHENYU.T_PROVINCE (ID,PROVINCE_NAME) values (65,'新疆维吾尔自治区');
Insert into CHENYU.T_PROVINCE (ID,PROVINCE_NAME) values (71,'台湾省');
Insert into CHENYU.T_PROVINCE (ID,PROVINCE_NAME) values (81,'香港特别行政区');
Insert into CHENYU.T_PROVINCE (ID,PROVINCE_NAME) values (82,'澳门特别行政区');
REM INSERTING into CHENYU.T_USER
SET DEFINE OFF;
Insert into CHENYU.T_USER (USER_ID,USERNAME,PASSWORD,IPHONE,PROV_ID,TARIFFE,CURRENCY,CARDAMOUNT,STATUS,CREATE_TIME,SEX) values (1,'user1','111111','12312312312',11,85,213,0,1,to_date('15-1月 -20','DD-MON-RR'),0);
Insert into CHENYU.T_USER (USER_ID,USERNAME,PASSWORD,IPHONE,PROV_ID,TARIFFE,CURRENCY,CARDAMOUNT,STATUS,CREATE_TIME,SEX) values (2,'user2','222','32132131321',33,100,11,0,1,to_date('15-1月 -20','DD-MON-RR'),1);
Insert into CHENYU.T_USER (USER_ID,USERNAME,PASSWORD,IPHONE,PROV_ID,TARIFFE,CURRENCY,CARDAMOUNT,STATUS,CREATE_TIME,SEX) values (3,'user3','333','11221122112',32,100,13,0,1,to_date('08-2月 -20','DD-MON-RR'),0);
Insert into CHENYU.T_USER (USER_ID,USERNAME,PASSWORD,IPHONE,PROV_ID,TARIFFE,CURRENCY,CARDAMOUNT,STATUS,CREATE_TIME,SEX) values (4,'user4','123123','12345678901',31,100,0,0,1,to_date('09-2月 -20','DD-MON-RR'),0);
Insert into CHENYU.T_USER (USER_ID,USERNAME,PASSWORD,IPHONE,PROV_ID,TARIFFE,CURRENCY,CARDAMOUNT,STATUS,CREATE_TIME,SEX) values (5,'user5','654321','14785236911',33,100,0,0,1,to_date('09-2月 -20','DD-MON-RR'),1);
--------------------------------------------------------
--  DDL for Index CARD_PK
--------------------------------------------------------

  CREATE UNIQUE INDEX "CHENYU"."CARD_PK" ON "CHENYU"."T_CARD" ("ID", "PROV_ID") 
  PCTFREE 10 INITRANS 2 MAXTRANS 255 COMPUTE STATISTICS 
  STORAGE(INITIAL 65536 NEXT 1048576 MINEXTENTS 1 MAXEXTENTS 2147483645
  PCTINCREASE 0 FREELISTS 1 FREELIST GROUPS 1 BUFFER_POOL DEFAULT FLASH_CACHE DEFAULT CELL_FLASH_CACHE DEFAULT)
  TABLESPACE "USERS" ;
--------------------------------------------------------
--  DDL for Index CARD_UNQ
--------------------------------------------------------

  CREATE UNIQUE INDEX "CHENYU"."CARD_UNQ" ON "CHENYU"."T_CARD" ("ID") 
  PCTFREE 10 INITRANS 2 MAXTRANS 255 COMPUTE STATISTICS 
  STORAGE(INITIAL 65536 NEXT 1048576 MINEXTENTS 1 MAXEXTENTS 2147483645
  PCTINCREASE 0 FREELISTS 1 FREELIST GROUPS 1 BUFFER_POOL DEFAULT FLASH_CACHE DEFAULT CELL_FLASH_CACHE DEFAULT)
  TABLESPACE "USERS" ;
--------------------------------------------------------
--  DDL for Index EXCHANGE_PK
--------------------------------------------------------

  CREATE UNIQUE INDEX "CHENYU"."EXCHANGE_PK" ON "CHENYU"."T_EXCHANGE" ("ID", "PROV_ID") 
  PCTFREE 10 INITRANS 2 MAXTRANS 255 COMPUTE STATISTICS 
  STORAGE(INITIAL 65536 NEXT 1048576 MINEXTENTS 1 MAXEXTENTS 2147483645
  PCTINCREASE 0 FREELISTS 1 FREELIST GROUPS 1 BUFFER_POOL DEFAULT FLASH_CACHE DEFAULT CELL_FLASH_CACHE DEFAULT)
  TABLESPACE "USERS" ;
--------------------------------------------------------
--  DDL for Index GAME_PK
--------------------------------------------------------

  CREATE UNIQUE INDEX "CHENYU"."GAME_PK" ON "CHENYU"."T_GAME" ("ID") 
  PCTFREE 10 INITRANS 2 MAXTRANS 255 COMPUTE STATISTICS 
  STORAGE(INITIAL 65536 NEXT 1048576 MINEXTENTS 1 MAXEXTENTS 2147483645
  PCTINCREASE 0 FREELISTS 1 FREELIST GROUPS 1 BUFFER_POOL DEFAULT FLASH_CACHE DEFAULT CELL_FLASH_CACHE DEFAULT)
  TABLESPACE "USERS" ;
--------------------------------------------------------
--  DDL for Index GAME_TYPE_PK
--------------------------------------------------------

  CREATE UNIQUE INDEX "CHENYU"."GAME_TYPE_PK" ON "CHENYU"."T_GAME_TYPE" ("ID") 
  PCTFREE 10 INITRANS 2 MAXTRANS 255 COMPUTE STATISTICS 
  STORAGE(INITIAL 65536 NEXT 1048576 MINEXTENTS 1 MAXEXTENTS 2147483645
  PCTINCREASE 0 FREELISTS 1 FREELIST GROUPS 1 BUFFER_POOL DEFAULT FLASH_CACHE DEFAULT CELL_FLASH_CACHE DEFAULT)
  TABLESPACE "USERS" ;
--------------------------------------------------------
--  DDL for Index PREPAID_PK
--------------------------------------------------------

  CREATE UNIQUE INDEX "CHENYU"."PREPAID_PK" ON "CHENYU"."T_PREPAID" ("ID", "USER_ID", "CARD_ID") 
  PCTFREE 10 INITRANS 2 MAXTRANS 255 COMPUTE STATISTICS 
  STORAGE(INITIAL 65536 NEXT 1048576 MINEXTENTS 1 MAXEXTENTS 2147483645
  PCTINCREASE 0 FREELISTS 1 FREELIST GROUPS 1 BUFFER_POOL DEFAULT FLASH_CACHE DEFAULT CELL_FLASH_CACHE DEFAULT)
  TABLESPACE "USERS" ;
--------------------------------------------------------
--  DDL for Index PK_2
--------------------------------------------------------

  CREATE UNIQUE INDEX "CHENYU"."PK_2" ON "CHENYU"."T_PROVINCE" ("ID") 
  PCTFREE 10 INITRANS 2 MAXTRANS 255 COMPUTE STATISTICS 
  STORAGE(INITIAL 65536 NEXT 1048576 MINEXTENTS 1 MAXEXTENTS 2147483645
  PCTINCREASE 0 FREELISTS 1 FREELIST GROUPS 1 BUFFER_POOL DEFAULT FLASH_CACHE DEFAULT CELL_FLASH_CACHE DEFAULT)
  TABLESPACE "USERS" ;
--------------------------------------------------------
--  DDL for Index PK_1
--------------------------------------------------------

  CREATE UNIQUE INDEX "CHENYU"."PK_1" ON "CHENYU"."T_USER" ("USER_ID", "PROV_ID") 
  PCTFREE 10 INITRANS 2 MAXTRANS 255 COMPUTE STATISTICS 
  STORAGE(INITIAL 65536 NEXT 1048576 MINEXTENTS 1 MAXEXTENTS 2147483645
  PCTINCREASE 0 FREELISTS 1 FREELIST GROUPS 1 BUFFER_POOL DEFAULT FLASH_CACHE DEFAULT CELL_FLASH_CACHE DEFAULT)
  TABLESPACE "USERS" ;
--------------------------------------------------------
--  DDL for Index USER_UNQ
--------------------------------------------------------

  CREATE UNIQUE INDEX "CHENYU"."USER_UNQ" ON "CHENYU"."T_USER" ("USER_ID") 
  PCTFREE 10 INITRANS 2 MAXTRANS 255 COMPUTE STATISTICS 
  STORAGE(INITIAL 65536 NEXT 1048576 MINEXTENTS 1 MAXEXTENTS 2147483645
  PCTINCREASE 0 FREELISTS 1 FREELIST GROUPS 1 BUFFER_POOL DEFAULT FLASH_CACHE DEFAULT CELL_FLASH_CACHE DEFAULT)
  TABLESPACE "USERS" ;
--------------------------------------------------------
--  Constraints for Table T_CARD
--------------------------------------------------------

  ALTER TABLE "CHENYU"."T_CARD" ADD CONSTRAINT "CARD_PK" PRIMARY KEY ("ID", "PROV_ID")
  USING INDEX PCTFREE 10 INITRANS 2 MAXTRANS 255 COMPUTE STATISTICS 
  STORAGE(INITIAL 65536 NEXT 1048576 MINEXTENTS 1 MAXEXTENTS 2147483645
  PCTINCREASE 0 FREELISTS 1 FREELIST GROUPS 1 BUFFER_POOL DEFAULT FLASH_CACHE DEFAULT CELL_FLASH_CACHE DEFAULT)
  TABLESPACE "USERS"  ENABLE;
 
  ALTER TABLE "CHENYU"."T_CARD" ADD CONSTRAINT "CARD_UNQ" UNIQUE ("ID")
  USING INDEX PCTFREE 10 INITRANS 2 MAXTRANS 255 COMPUTE STATISTICS 
  STORAGE(INITIAL 65536 NEXT 1048576 MINEXTENTS 1 MAXEXTENTS 2147483645
  PCTINCREASE 0 FREELISTS 1 FREELIST GROUPS 1 BUFFER_POOL DEFAULT FLASH_CACHE DEFAULT CELL_FLASH_CACHE DEFAULT)
  TABLESPACE "USERS"  ENABLE;
 
  ALTER TABLE "CHENYU"."T_CARD" MODIFY ("ID" NOT NULL ENABLE);
 
  ALTER TABLE "CHENYU"."T_CARD" MODIFY ("PROV_ID" NOT NULL ENABLE);
--------------------------------------------------------
--  Constraints for Table T_EXCHANGE
--------------------------------------------------------

  ALTER TABLE "CHENYU"."T_EXCHANGE" ADD CONSTRAINT "EXCHANGE_PK" PRIMARY KEY ("ID", "PROV_ID")
  USING INDEX PCTFREE 10 INITRANS 2 MAXTRANS 255 COMPUTE STATISTICS 
  STORAGE(INITIAL 65536 NEXT 1048576 MINEXTENTS 1 MAXEXTENTS 2147483645
  PCTINCREASE 0 FREELISTS 1 FREELIST GROUPS 1 BUFFER_POOL DEFAULT FLASH_CACHE DEFAULT CELL_FLASH_CACHE DEFAULT)
  TABLESPACE "USERS"  ENABLE;
 
  ALTER TABLE "CHENYU"."T_EXCHANGE" MODIFY ("ID" NOT NULL ENABLE);
 
  ALTER TABLE "CHENYU"."T_EXCHANGE" MODIFY ("PROV_ID" NOT NULL ENABLE);
--------------------------------------------------------
--  Constraints for Table T_EXPENSE
--------------------------------------------------------

  ALTER TABLE "CHENYU"."T_EXPENSE" MODIFY ("ID" NOT NULL ENABLE);
 
  ALTER TABLE "CHENYU"."T_EXPENSE" MODIFY ("USER_ID" NOT NULL ENABLE);
 
  ALTER TABLE "CHENYU"."T_EXPENSE" MODIFY ("GAME_ID" NOT NULL ENABLE);
--------------------------------------------------------
--  Constraints for Table T_GAME
--------------------------------------------------------

  ALTER TABLE "CHENYU"."T_GAME" ADD CONSTRAINT "GAME_PK" PRIMARY KEY ("ID")
  USING INDEX PCTFREE 10 INITRANS 2 MAXTRANS 255 COMPUTE STATISTICS 
  STORAGE(INITIAL 65536 NEXT 1048576 MINEXTENTS 1 MAXEXTENTS 2147483645
  PCTINCREASE 0 FREELISTS 1 FREELIST GROUPS 1 BUFFER_POOL DEFAULT FLASH_CACHE DEFAULT CELL_FLASH_CACHE DEFAULT)
  TABLESPACE "USERS"  ENABLE;
 
  ALTER TABLE "CHENYU"."T_GAME" MODIFY ("ID" NOT NULL ENABLE);
 
  ALTER TABLE "CHENYU"."T_GAME" MODIFY ("GAME_TYPE" NOT NULL ENABLE);
--------------------------------------------------------
--  Constraints for Table T_GAME_TYPE
--------------------------------------------------------

  ALTER TABLE "CHENYU"."T_GAME_TYPE" ADD CONSTRAINT "GAME_TYPE_PK" PRIMARY KEY ("ID")
  USING INDEX PCTFREE 10 INITRANS 2 MAXTRANS 255 COMPUTE STATISTICS 
  STORAGE(INITIAL 65536 NEXT 1048576 MINEXTENTS 1 MAXEXTENTS 2147483645
  PCTINCREASE 0 FREELISTS 1 FREELIST GROUPS 1 BUFFER_POOL DEFAULT FLASH_CACHE DEFAULT CELL_FLASH_CACHE DEFAULT)
  TABLESPACE "USERS"  ENABLE;
 
  ALTER TABLE "CHENYU"."T_GAME_TYPE" MODIFY ("ID" NOT NULL ENABLE);
--------------------------------------------------------
--  Constraints for Table T_MANAGER
--------------------------------------------------------

  ALTER TABLE "CHENYU"."T_MANAGER" MODIFY ("ID" NOT NULL ENABLE);
--------------------------------------------------------
--  Constraints for Table T_PREPAID
--------------------------------------------------------

  ALTER TABLE "CHENYU"."T_PREPAID" ADD CONSTRAINT "PREPAID_PK" PRIMARY KEY ("ID", "USER_ID", "CARD_ID")
  USING INDEX PCTFREE 10 INITRANS 2 MAXTRANS 255 COMPUTE STATISTICS 
  STORAGE(INITIAL 65536 NEXT 1048576 MINEXTENTS 1 MAXEXTENTS 2147483645
  PCTINCREASE 0 FREELISTS 1 FREELIST GROUPS 1 BUFFER_POOL DEFAULT FLASH_CACHE DEFAULT CELL_FLASH_CACHE DEFAULT)
  TABLESPACE "USERS"  ENABLE;
 
  ALTER TABLE "CHENYU"."T_PREPAID" MODIFY ("ID" NOT NULL ENABLE);
 
  ALTER TABLE "CHENYU"."T_PREPAID" MODIFY ("USER_ID" NOT NULL ENABLE);
 
  ALTER TABLE "CHENYU"."T_PREPAID" MODIFY ("CARD_ID" NOT NULL ENABLE);
--------------------------------------------------------
--  Constraints for Table T_PROVINCE
--------------------------------------------------------

  ALTER TABLE "CHENYU"."T_PROVINCE" ADD CONSTRAINT "PK_2" PRIMARY KEY ("ID")
  USING INDEX PCTFREE 10 INITRANS 2 MAXTRANS 255 COMPUTE STATISTICS 
  STORAGE(INITIAL 65536 NEXT 1048576 MINEXTENTS 1 MAXEXTENTS 2147483645
  PCTINCREASE 0 FREELISTS 1 FREELIST GROUPS 1 BUFFER_POOL DEFAULT FLASH_CACHE DEFAULT CELL_FLASH_CACHE DEFAULT)
  TABLESPACE "USERS"  ENABLE;
 
  ALTER TABLE "CHENYU"."T_PROVINCE" MODIFY ("ID" NOT NULL ENABLE);
--------------------------------------------------------
--  Constraints for Table T_USER
--------------------------------------------------------

  ALTER TABLE "CHENYU"."T_USER" ADD CONSTRAINT "PK_1" PRIMARY KEY ("USER_ID", "PROV_ID")
  USING INDEX PCTFREE 10 INITRANS 2 MAXTRANS 255 COMPUTE STATISTICS 
  STORAGE(INITIAL 65536 NEXT 1048576 MINEXTENTS 1 MAXEXTENTS 2147483645
  PCTINCREASE 0 FREELISTS 1 FREELIST GROUPS 1 BUFFER_POOL DEFAULT FLASH_CACHE DEFAULT CELL_FLASH_CACHE DEFAULT)
  TABLESPACE "USERS"  ENABLE;
 
  ALTER TABLE "CHENYU"."T_USER" MODIFY ("USER_ID" NOT NULL ENABLE);
 
  ALTER TABLE "CHENYU"."T_USER" MODIFY ("PROV_ID" NOT NULL ENABLE);
 
  ALTER TABLE "CHENYU"."T_USER" ADD CONSTRAINT "USER_UNQ" UNIQUE ("USER_ID")
  USING INDEX PCTFREE 10 INITRANS 2 MAXTRANS 255 COMPUTE STATISTICS 
  STORAGE(INITIAL 65536 NEXT 1048576 MINEXTENTS 1 MAXEXTENTS 2147483645
  PCTINCREASE 0 FREELISTS 1 FREELIST GROUPS 1 BUFFER_POOL DEFAULT FLASH_CACHE DEFAULT CELL_FLASH_CACHE DEFAULT)
  TABLESPACE "USERS"  ENABLE;
--------------------------------------------------------
--  Ref Constraints for Table T_CARD
--------------------------------------------------------

  ALTER TABLE "CHENYU"."T_CARD" ADD CONSTRAINT "CARD_FK" FOREIGN KEY ("PROV_ID")
	  REFERENCES "CHENYU"."T_PROVINCE" ("ID") ENABLE;
--------------------------------------------------------
--  Ref Constraints for Table T_EXCHANGE
--------------------------------------------------------

  ALTER TABLE "CHENYU"."T_EXCHANGE" ADD CONSTRAINT "EXCHANGE_FK" FOREIGN KEY ("PROV_ID")
	  REFERENCES "CHENYU"."T_PROVINCE" ("ID") ENABLE;
--------------------------------------------------------
--  Ref Constraints for Table T_EXPENSE
--------------------------------------------------------

  ALTER TABLE "CHENYU"."T_EXPENSE" ADD CONSTRAINT "EXPENSE" FOREIGN KEY ("USER_ID")
	  REFERENCES "CHENYU"."T_USER" ("USER_ID") ENABLE;
 
  ALTER TABLE "CHENYU"."T_EXPENSE" ADD CONSTRAINT "EXPENSE_FK2" FOREIGN KEY ("GAME_ID")
	  REFERENCES "CHENYU"."T_GAME" ("ID") ENABLE;
--------------------------------------------------------
--  Ref Constraints for Table T_GAME
--------------------------------------------------------

  ALTER TABLE "CHENYU"."T_GAME" ADD CONSTRAINT "GAME_FK" FOREIGN KEY ("GAME_TYPE")
	  REFERENCES "CHENYU"."T_GAME_TYPE" ("ID") ENABLE;
--------------------------------------------------------
--  Ref Constraints for Table T_PREPAID
--------------------------------------------------------

  ALTER TABLE "CHENYU"."T_PREPAID" ADD CONSTRAINT "PREPAID_FK1" FOREIGN KEY ("USER_ID")
	  REFERENCES "CHENYU"."T_USER" ("USER_ID") ENABLE;
 
  ALTER TABLE "CHENYU"."T_PREPAID" ADD CONSTRAINT "PREPAID_FK2" FOREIGN KEY ("CARD_ID")
	  REFERENCES "CHENYU"."T_CARD" ("ID") ENABLE;
--------------------------------------------------------
--  Ref Constraints for Table T_USER
--------------------------------------------------------

  ALTER TABLE "CHENYU"."T_USER" ADD CONSTRAINT "FK_1" FOREIGN KEY ("PROV_ID")
	  REFERENCES "CHENYU"."T_PROVINCE" ("ID") ENABLE;
